PromedioNotaGeneral,PromedioAsistencia,AyudaFinanciera,CantExamenesRendidos,CantFinalesRendidos,split
7.961284403669724,0.669080459770115,0,109.0,20.0,train
8.135,0.9290476190476191,0,44.0,21.0,train
3.4915384615384615,0.644,0,26.0,2.0,train
3.3524615384615384,0.6596875,0,65.0,3.0,train
3.748235294117647,0.70375,0,17.0,4.0,train
7.464,0.923,1,20.0,10.0,train
8.090326086956523,0.8436363636363636,0,92.0,39.0,train
3.5634579439252336,0.8694594594594595,0,107.0,47.0,train
5.864756097560976,0.9309090909090909,0,82.0,41.0,train
3.837142857142857,0.6571428571428571,0,14.0,1.0,train
7.83,0.892,0,20.0,10.0,train
8.210648148148149,0.8804081632653061,1,108.0,47.0,train
3.3169827586206897,0.8595454545454545,0,116.0,36.0,train
5.984583333333333,0.876,0,24.0,12.0,train
5.400666666666667,0.8049999999999999,0,15.0,6.0,train
3.5045555555555556,0.6695652173913044,0,90.0,15.0,train
5.368992248062016,0.9310416666666667,0,129.0,58.0,train
7.661914893617022,0.9283720930232559,0,94.0,44.0,train
5.156666666666667,0.9171428571428571,0,21.0,9.0,train
7.858256880733944,0.9535416666666667,1,109.0,49.0,train
7.728170731707317,0.9118421052631579,0,82.0,38.0,train
8.226448598130842,0.9293617021276596,0,107.0,48.0,train
5.700687022900763,0.8730909090909091,0,131.0,55.0,train
5.473916666666667,0.8408333333333333,0,120.0,53.0,train
6.1655,0.8666666666666667,0,20.0,11.0,train
8.179223300970873,0.9289130434782608,0,103.0,47.0,train
5.661946902654867,0.8497777777777779,0,113.0,52.0,train
5.3908571428571435,0.8285714285714285,0,35.0,18.0,train
5.334553571428572,0.8493181818181817,0,112.0,51.0,train
5.400521739130435,0.8277083333333333,0,115.0,44.0,train
3.1580952380952376,0.678974358974359,0,84.0,11.0,train
5.851,0.9565217391304348,1,60.0,32.0,train
7.924189189189189,0.9434285714285715,0,74.0,35.0,train
5.422142857142857,0.9142307692307692,0,70.0,34.0,train
8.067102803738319,0.9421276595744681,1,107.0,47.0,train
5.577579617834394,0.8525806451612903,0,157.0,58.0,train
7.947500000000001,0.926875,0,108.0,48.0,train
5.471631205673759,0.9226415094339623,0,141.0,58.0,train
5.75037037037037,0.845925925925926,0,135.0,50.0,train
5.273428571428571,0.834,0,35.0,16.0,train
3.4592307692307696,0.6520588235294118,0,117.0,10.0,train
4.124358974358974,0.836923076923077,0,39.0,19.0,train
5.735322580645161,0.954,1,62.0,30.0,train
8.24705882352941,0.866060606060606,1,68.0,31.0,train
3.6687804878048778,0.6319565217391304,0,82.0,0.0,train
5.607678571428571,0.8495999999999999,0,56.0,25.0,train
3.95,0.6942857142857142,0,11.0,1.0,train
5.288672566371681,0.8646666666666666,0,113.0,47.0,train
5.126666666666667,0.846875,0,39.0,18.0,train
5.47514705882353,0.8560377358490565,0,136.0,62.0,train
5.258452380952381,0.8344444444444444,0,84.0,40.0,train
7.903823529411765,0.9441304347826087,0,102.0,46.0,train
5.2879069767441855,0.9276470588235294,0,43.0,21.0,train
5.5955,0.8726923076923078,0,60.0,29.0,train
7.894166666666667,0.9439583333333333,0,108.0,48.0,train
8.242105263157894,0.9388888888888888,1,76.0,36.0,train
3.4716935483870968,0.8451162790697675,0,124.0,51.0,train
7.78925925925926,0.9129166666666667,0,108.0,48.0,train
7.762978723404256,0.6336585365853659,0,47.0,6.0,train
8.039880952380953,0.9535897435897436,1,84.0,39.0,train
5.556481481481482,0.8615384615384615,0,54.0,24.0,train
8.150555555555556,0.9516666666666667,1,108.0,48.0,train
5.6165,0.9315151515151515,0,80.0,35.0,train
5.391025641025641,0.8551612903225806,0,78.0,39.0,train
3.239333333333333,0.6642857142857144,0,15.0,3.0,train
5.429777777777778,0.9317647058823529,0,45.0,19.0,train
3.6226190476190476,0.645,0,42.0,2.0,train
5.57344262295082,0.9251999999999999,0,122.0,51.0,train
5.273740458015268,0.8568518518518519,0,131.0,54.0,train
8.121018518518518,0.9474999999999999,1,108.0,48.0,train
5.902982456140351,0.9491304347826086,1,57.0,29.0,train
8.098703703703704,0.9597916666666667,1,108.0,48.0,train
0.0,0.0,0,0.0,0.0,train
6.0488888888888885,0.6342857142857143,0,18.0,2.0,train
8.114074074074074,0.941875,1,108.0,48.0,train
3.732666666666667,0.6072727272727273,0,15.0,0.0,train
5.578387096774194,0.64125,0,31.0,1.0,train
5.691954887218045,0.8473214285714287,0,133.0,57.0,train
5.638461538461538,0.835,0,13.0,5.0,train
8.242222222222223,0.955,1,108.0,48.0,train
5.348181818181818,0.8524074074074074,0,143.0,61.0,train
3.5139285714285715,0.6388372093023256,0,84.0,13.0,train
5.418510638297872,0.6544827586206897,0,47.0,4.0,train
5.632820512820513,0.6662264150943397,0,78.0,19.0,train
8.30787037037037,0.9633333333333334,1,108.0,48.0,train
5.306407766990292,0.8682051282051282,0,103.0,44.0,train
7.628108108108108,0.8568627450980393,0,111.0,48.0,train
8.214891304347827,0.9738095238095238,1,92.0,42.0,train
3.279152542372881,0.8677272727272727,0,59.0,23.0,train
5.826545454545454,0.9163636363636364,0,110.0,53.0,train
5.333773584905661,0.8795238095238095,0,106.0,42.0,train
5.1125,0.85,0,16.0,8.0,train
3.7151111111111113,0.6203703703703703,0,45.0,4.0,train
0.0,0.0,0,0.0,0.0,train
5.568645833333334,0.8419047619047619,0,96.0,43.0,train
5.54036231884058,0.8560377358490565,0,138.0,59.0,train
5.241538461538462,0.7966666666666667,0,13.0,4.0,train
3.8282608695652174,0.8688888888888889,1,184.0,69.0,train
8.012792792792792,0.8689795918367347,0,111.0,48.0,train
5.945405405405405,0.8741176470588234,0,37.0,17.0,train
3.255652173913043,0.67,0,23.0,3.0,train
5.5151773049645385,0.8696363636363637,0,141.0,57.0,train
8.064607843137255,0.9289130434782608,0,102.0,46.0,train
8.208703703703703,0.9460416666666666,1,108.0,48.0,train
3.3542105263157893,0.8233333333333334,0,19.0,4.0,train
5.387872340425532,0.8607692307692307,0,141.0,61.0,train
4.08375,0.6223076923076923,0,24.0,3.0,train
7.881481481481482,0.925625,0,108.0,48.0,train
5.533129770992367,0.8390196078431372,0,131.0,56.0,train
5.479537037037037,0.9192682926829268,0,108.0,46.0,train
5.36822429906542,0.8471428571428571,0,107.0,47.0,train
8.071583333333333,0.8466071428571428,0,120.0,48.0,train
7.84287037037037,0.919375,0,108.0,48.0,train
3.4564150943396226,0.63,0,53.0,0.0,train
7.699189189189189,0.8688888888888889,0,37.0,18.0,train
5.322608695652174,0.81,0,23.0,11.0,train
3.5589285714285714,0.6589655172413793,0,56.0,9.0,train
3.4991304347826087,0.6257446808510638,0,92.0,11.0,train
5.401285714285714,0.8322222222222222,0,140.0,57.0,train
5.043333333333333,0.8422222222222222,0,24.0,14.0,train
8.121111111111112,0.959375,1,108.0,48.0,train
5.672950819672131,0.9537209302325581,1,122.0,57.0,train
3.685445544554456,0.665,0,101.0,15.0,train
5.256576576576577,0.8520454545454546,0,111.0,42.0,train
6.100882352941177,0.8906666666666666,1,34.0,14.0,train
5.147384615384615,0.6518823529411765,0,130.0,20.0,train
5.74051948051948,0.8437142857142857,0,77.0,32.0,train
3.521153846153846,0.6935714285714286,0,26.0,3.0,train
7.978495575221239,0.850566037735849,0,113.0,48.0,train
5.627155172413793,0.8528260869565216,0,116.0,48.0,train
3.4376470588235293,0.8489655172413794,0,85.0,36.0,train
3.671851851851852,0.836,0,54.0,21.0,train
3.8132,0.6207142857142857,0,25.0,0.0,train
5.7425,0.8446666666666667,0,68.0,30.0,train
7.98787037037037,0.930625,0,108.0,48.0,train
7.902962962962963,0.9320833333333334,0,108.0,48.0,train
4.244,0.5333333333333333,0,5.0,0.0,train
8.080416666666666,0.9572727272727272,1,24.0,11.0,train
5.790673076923077,0.8656097560975611,0,104.0,46.0,train
5.555642857142857,0.8303571428571429,0,140.0,54.0,train
3.1698000000000004,0.8263157894736842,0,50.0,12.0,train
5.491604938271605,0.8645454545454546,0,81.0,40.0,train
5.394426229508197,0.8587234042553191,0,122.0,53.0,train
8.15247619047619,0.9457446808510639,1,105.0,47.0,train
5.086964285714286,0.8478260869565217,0,56.0,24.0,train
5.142,0.8397560975609756,0,100.0,41.0,train
5.456,0.8611111111111112,0,20.0,9.0,train
5.488981481481482,0.8476190476190476,0,108.0,51.0,train
7.930235294117647,0.9384615384615385,0,85.0,39.0,train
5.378933333333333,0.8381818181818181,0,75.0,31.0,train
3.724428571428571,0.8319230769230769,0,70.0,23.0,train
5.524360902255639,0.8595999999999999,0,133.0,59.0,train
3.7411450381679385,0.63765625,0,131.0,17.0,train
3.4569444444444444,0.6592105263157895,0,72.0,1.0,train
3.248735632183908,0.8185294117647058,0,87.0,31.0,train
5.918823529411765,0.8645833333333334,0,51.0,23.0,train
8.091018518518519,0.9539583333333334,1,108.0,48.0,train
2.586,0.8533333333333334,0,15.0,3.0,train
3.828076923076923,0.651875,0,104.0,5.0,train
8.361333333333334,0.9465957446808511,1,105.0,47.0,train
5.5934375,0.6729166666666666,0,32.0,5.0,train
5.681603773584905,0.9283720930232559,0,106.0,46.0,train
8.24851851851852,0.9485416666666667,1,108.0,48.0,train
5.382450980392157,0.843095238095238,0,102.0,42.0,train
5.62012987012987,0.8360606060606061,0,77.0,30.0,train
3.072,0.8460000000000001,0,10.0,0.0,train
5.30344827586207,0.8509090909090908,0,58.0,25.0,train
5.586031746031746,0.6590243902439025,0,63.0,12.0,train
5.90076923076923,0.812857142857143,0,13.0,6.0,train
7.891627906976745,0.927142857142857,0,43.0,21.0,train
5.7849264705882355,0.8948076923076923,1,136.0,64.0,train
5.452692307692308,0.8402857142857143,0,78.0,30.0,train
5.88745283018868,0.8461224489795919,0,106.0,46.0,train
5.782857142857143,0.8359615384615384,0,133.0,57.0,train
8.081944444444444,0.9241666666666667,0,108.0,48.0,train
3.455714285714286,0.8704347826086957,0,70.0,28.0,train
7.599285714285714,0.8412499999999999,0,14.0,6.0,train
8.280361445783132,0.9620512820512821,1,83.0,39.0,train
0.0,0.0,0,0.0,0.0,train
3.458125,0.6414285714285715,0,64.0,9.0,train
3.319736842105263,0.663,0,38.0,4.0,train
5.5035,0.8516326530612246,0,120.0,56.0,train
8.210740740740741,0.9543750000000001,1,108.0,48.0,train
3.2439999999999998,0.6357142857142858,0,30.0,3.0,train
8.282916666666667,0.9616666666666666,1,24.0,12.0,train
3.8049350649350653,0.6362790697674419,0,77.0,10.0,train
7.717614678899083,0.9264583333333333,0,109.0,49.0,train
5.6434375,0.6582142857142858,0,32.0,2.0,train
8.0975,0.926875,0,68.0,32.0,train
5.022,0.6385714285714286,0,20.0,1.0,train
8.194019607843137,0.9552173913043478,1,102.0,46.0,train
3.4295999999999998,0.6428571428571429,0,25.0,2.0,train
5.115,0.8125,0,14.0,5.0,train
5.4830434782608695,0.6717910447761194,0,115.0,23.0,train
7.901764705882352,0.8344444444444444,0,17.0,8.0,train
3.634574468085106,0.863225806451613,0,94.0,45.0,train
7.701467889908257,0.9202083333333334,0,109.0,48.0,train
5.470990990990991,0.8564444444444445,0,111.0,47.0,train
5.4513380281690145,0.8539622641509433,0,142.0,62.0,train
5.44072463768116,0.8458181818181819,0,138.0,60.0,train
4.12,0.8859999999999999,0,14.0,5.0,train
8.139012345679012,0.9439473684210525,1,81.0,38.0,train
5.548832116788321,0.856923076923077,0,137.0,62.0,train
3.4455263157894738,0.6894117647058824,0,38.0,9.0,train
7.874505494505495,0.934047619047619,0,91.0,42.0,train
5.608561643835617,0.8480000000000001,0,146.0,57.0,train
7.996574074074074,0.9202083333333334,0,108.0,48.0,train
5.408247422680413,0.8523684210526316,0,97.0,45.0,train
3.6286363636363634,0.7016666666666667,0,22.0,3.0,train
7.771111111111112,0.8438888888888889,0,117.0,48.0,train
8.149357798165138,0.9727083333333333,1,109.0,49.0,train
3.3405,0.6690476190476191,0,40.0,3.0,train
5.602372881355932,0.9359574468085107,0,118.0,52.0,train
3.7100787401574804,0.6237142857142858,0,127.0,5.0,train
3.9305555555555554,0.662,0,18.0,1.0,train
5.450072463768116,0.8496153846153847,0,138.0,59.0,train
5.784814814814815,0.960857142857143,1,81.0,37.0,train
5.330975609756098,0.8581818181818182,0,82.0,35.0,train
3.7694736842105265,0.8866666666666667,0,19.0,10.0,train
7.8066666666666675,0.8424999999999999,0,72.0,33.0,train
3.5028947368421055,0.86,0,38.0,15.0,train
5.422045454545454,0.8652941176470589,0,44.0,20.0,train
5.651134751773049,0.8663793103448276,0,141.0,54.0,train
7.956842105263158,0.9522222222222223,1,19.0,9.0,train
8.003425925925926,0.9220833333333333,0,108.0,48.0,train
3.5476470588235296,0.6599999999999999,0,17.0,1.0,train
3.5745454545454542,0.6810526315789474,0,66.0,5.0,train
3.516134453781513,0.6605357142857143,0,119.0,18.0,train
5.327142857142857,0.64,0,7.0,1.0,train
5.84054054054054,0.8493617021276596,0,111.0,46.0,train
5.831,0.9320833333333334,0,60.0,28.0,train
8.0325,0.9321052631578948,0,40.0,19.0,train
7.954528301886792,0.8475,0,53.0,23.0,train
7.917333333333334,0.9261904761904761,0,45.0,21.0,train
8.180183486238532,0.9541666666666666,1,109.0,48.0,train
3.4570238095238093,0.844,0,84.0,33.0,train
7.856981132075472,0.9304255319148935,0,106.0,48.0,train
8.226923076923077,0.8709302325581396,1,91.0,41.0,train
7.6652,0.9591666666666666,1,25.0,12.0,train
3.699782608695652,0.6317391304347826,0,46.0,4.0,train
3.4170238095238092,0.8689285714285714,0,84.0,33.0,train
3.1540909090909093,0.86,0,22.0,12.0,train
5.438675496688742,0.8293333333333333,0,151.0,59.0,train
5.432945205479452,0.8574137931034482,0,146.0,61.0,train
5.479130434782609,0.8306349206349206,0,161.0,73.0,train
8.036296296296296,0.9314583333333334,0,108.0,48.0,train
5.533043478260869,0.8939999999999999,0,23.0,12.0,train
5.4471428571428575,0.8160000000000001,0,35.0,15.0,train
5.334144736842105,0.8539285714285715,0,152.0,62.0,train
3.498518518518519,0.8673684210526316,0,54.0,18.0,train
5.530816326530612,0.8775675675675675,0,98.0,44.0,train
7.741743119266055,0.8628571428571429,0,109.0,48.0,train
5.4335,0.86,0,80.0,36.0,train
5.3966666666666665,0.8492452830188679,0,144.0,64.0,train
7.881621621621622,0.921875,0,111.0,48.0,train
5.527248322147651,0.8488333333333333,0,149.0,61.0,train
5.466086956521739,0.8473684210526317,0,46.0,23.0,train
7.750347826086956,0.8501851851851852,0,115.0,48.0,train
3.3431355932203393,0.85,0,118.0,43.0,train
5.566,0.8436538461538461,0,125.0,54.0,train
3.2157142857142853,0.9279999999999999,1,14.0,6.0,train
5.463310810810811,0.854,0,148.0,60.0,train
3.576139240506329,0.8551724137931035,0,158.0,61.0,train
5.565530303030303,0.8579245283018868,0,132.0,57.0,train
3.319545454545455,0.6625,0,66.0,6.0,train
8.253302752293578,0.9458333333333333,1,109.0,49.0,train
8.112592592592593,0.9275000000000001,0,108.0,48.0,train
3.645681818181818,0.6542105263157895,0,44.0,12.0,train
8.064035087719297,0.9292592592592592,0,57.0,27.0,train
3.3074285714285714,0.6485000000000001,0,35.0,0.0,train
8.568823529411764,0.9588235294117647,1,34.0,17.0,train
3.4081879194630873,0.6718055555555555,0,149.0,19.0,train
5.641891891891892,0.84375,0,37.0,16.0,train
7.886818181818182,0.9178125,0,66.0,32.0,train
7.804473684210526,0.9477777777777777,0,38.0,18.0,train
5.43258064516129,0.8691666666666666,0,62.0,31.0,train
3.386086956521739,0.8578260869565217,0,69.0,32.0,train
8.284537037037037,0.9543750000000001,1,108.0,48.0,train
5.895251798561151,0.8501754385964913,0,139.0,56.0,train
5.441162790697675,0.9452941176470588,1,43.0,21.0,train
5.855,0.8423333333333333,0,140.0,54.0,train
5.596578947368421,0.8432758620689654,0,152.0,66.0,train
5.4872000000000005,0.9264285714285715,0,75.0,33.0,train
5.252337662337663,0.8703333333333333,0,77.0,34.0,train
3.3400000000000003,0.9033333333333334,0,44.0,21.0,train
7.9589908256880735,0.9252083333333333,0,109.0,48.0,train
7.882129629629629,0.92375,0,108.0,48.0,train
5.412878787878788,0.8388888888888888,0,132.0,58.0,train
5.789315068493151,0.9283870967741936,0,73.0,34.0,train
7.9737719298245615,0.8542307692307692,0,114.0,48.0,train
7.944754098360655,0.9258620689655173,0,61.0,29.0,train
8.04875,0.9427272727272726,1,48.0,22.0,train
5.545118110236221,0.8541818181818182,0,127.0,46.0,train
8.113625,0.9221621621621621,0,80.0,37.0,train
3.5282352941176467,0.6018181818181818,0,34.0,0.0,train
5.412203389830508,0.8595833333333333,0,118.0,54.0,train
5.690333333333333,0.8388,0,60.0,25.0,train
3.5523076923076924,0.6184615384615385,0,26.0,4.0,train
5.411864406779661,0.8513043478260869,0,59.0,26.0,train
5.808648648648648,0.8086666666666668,0,37.0,16.0,train
3.97825,0.6421739130434783,0,40.0,6.0,train
5.722189781021898,0.8625925925925926,1,137.0,58.0,train
5.226666666666667,0.59,0,12.0,0.0,train
3.334095238095238,0.661923076923077,0,105.0,8.0,train
5.563953488372093,0.8450943396226415,0,129.0,59.0,train
5.807721518987342,0.6607547169811321,0,79.0,12.0,train
8.154166666666667,0.9249999999999999,0,108.0,48.0,train
5.473055555555556,0.9233333333333333,0,108.0,50.0,train
7.859148936170213,0.9191304347826087,0,47.0,23.0,train
3.4307142857142856,0.6933333333333334,0,14.0,3.0,train
6.017777777777777,0.665,0,9.0,1.0,train
5.33959349593496,0.8289795918367346,0,123.0,53.0,train
3.7025,0.6448148148148148,0,44.0,4.0,train
5.048500000000001,0.651,0,60.0,4.0,train
3.3039622641509436,0.84,0,53.0,14.0,train
8.093440860215054,0.9509302325581396,1,93.0,43.0,train
5.331910828025478,0.8540677966101695,0,157.0,71.0,train
5.439496402877698,0.9173076923076924,0,139.0,58.0,train
6.452857142857143,0.8528571428571429,0,14.0,7.0,train
6.004,0.6466666666666667,0,25.0,1.0,train
8.165384615384614,0.8396551724137932,0,52.0,23.0,train
5.242083333333333,0.8588888888888889,0,48.0,24.0,train
5.413333333333333,0.8228571428571428,0,18.0,10.0,train
5.5225,0.881,0,24.0,12.0,train
3.7366346153846157,0.8475,0,104.0,42.0,train
3.608333333333333,0.5666666666666667,0,6.0,0.0,train
7.976938775510204,0.9327272727272727,0,98.0,44.0,train
5.53734693877551,0.635,0,49.0,6.0,train
8.222142857142856,0.8632608695652174,1,98.0,41.0,train
5.864021739130435,0.84,0,92.0,38.0,train
5.257755102040816,0.6358208955223881,0,98.0,11.0,train
5.405,0.805,0,12.0,6.0,train
5.653679245283018,0.856304347826087,0,106.0,42.0,train
5.999375000000001,0.92,0,16.0,8.0,train
8.202767857142858,0.8727450980392156,1,112.0,48.0,train
5.466829268292683,0.818,0,41.0,22.0,train
5.450902777777777,0.8434920634920635,0,144.0,56.0,train
5.421677852348994,0.8438596491228071,0,149.0,65.0,train
8.100266666666666,0.8644444444444445,1,75.0,35.0,train
5.324375,0.8469230769230769,0,128.0,51.0,train
5.93,0.86,0,51.0,23.0,train
3.51265625,0.8573913043478261,0,64.0,26.0,train
5.104767441860465,0.8144444444444444,0,86.0,36.0,train
8.121171171171172,0.8618000000000001,0,111.0,48.0,train
5.490897435897436,0.8583333333333333,0,78.0,38.0,train
8.008070175438597,0.8558620689655172,1,57.0,25.0,train
5.790307692307692,0.6630232558139535,0,65.0,10.0,train
8.570526315789474,0.9811111111111112,1,19.0,9.0,train
3.553,0.6425,0,30.0,2.0,train
3.3224,0.67,0,25.0,6.0,train
3.629398496240601,0.8444444444444444,0,133.0,60.0,train
5.47404255319149,0.626875,0,141.0,9.0,train
3.5724347826086955,0.8314634146341463,0,115.0,40.0,train
5.3605072463768115,0.8501886792452831,0,138.0,60.0,train
8.387222222222222,0.9311111111111112,1,36.0,18.0,train
6.015294117647058,0.95375,0,17.0,8.0,train
8.23537037037037,0.9587500000000001,1,108.0,48.0,train
3.258571428571429,0.6547619047619048,0,42.0,1.0,train
3.5961538461538463,0.63,0,26.0,3.0,train
3.3803508771929827,0.6324242424242424,0,57.0,1.0,train
3.5142735042735045,0.6396721311475411,0,117.0,16.0,train
4.095,0.725,0,4.0,1.0,train
5.600970149253731,0.8543636363636364,0,134.0,58.0,train
5.746914893617022,0.85175,0,94.0,36.0,train
8.28697247706422,0.9433333333333334,1,109.0,48.0,train
5.768048780487805,0.9600000000000001,1,41.0,19.0,train
3.5747682119205297,0.8422641509433962,0,151.0,54.0,train
5.470078740157481,0.9267391304347826,0,127.0,59.0,train
6.018857142857143,0.9626666666666667,1,35.0,17.0,train
5.604629629629629,0.8321739130434783,0,54.0,24.0,train
5.659655172413793,0.88,0,29.0,14.0,train
5.322118644067796,0.8595652173913043,0,118.0,53.0,train
8.020818181818182,0.8498,0,110.0,48.0,train
5.282071428571428,0.6366304347826087,0,140.0,18.0,train
5.441063829787233,0.8452941176470589,0,141.0,66.0,train
5.5089855072463765,0.8594642857142858,0,138.0,55.0,train
8.195604395604395,0.9580952380952381,1,91.0,43.0,train
5.627404580152672,0.9246,0,131.0,59.0,train
7.967254901960784,0.8542553191489362,0,102.0,45.0,train
5.8834375,0.94,0,32.0,17.0,train
3.318735632183908,0.9362903225806452,0,174.0,63.0,train
3.345802469135802,0.8375862068965517,0,162.0,63.0,train
3.577142857142857,0.9261538461538462,0,161.0,68.0,train
5.523928571428571,0.6517808219178082,0,112.0,14.0,train
5.3364,0.6821428571428572,0,25.0,6.0,train
5.417265625,0.8315686274509804,0,128.0,48.0,train
3.4810638297872343,0.6268,0,47.0,1.0,train
3.633224043715847,0.8567647058823529,0,183.0,65.0,train
3.484533333333333,0.8518518518518519,0,75.0,27.0,train
3.458842975206611,0.8473333333333334,0,121.0,46.0,train
4.037096774193548,0.6481818181818182,0,31.0,0.0,train
8.102592592592593,0.9441666666666667,1,108.0,48.0,train
8.3325,0.8933333333333332,1,24.0,11.0,train
5.158782051282051,0.8394915254237288,0,156.0,66.0,train
5.333157894736842,0.8450000000000001,0,57.0,25.0,train
4.903888888888889,0.81875,0,18.0,8.0,train
5.907578125,0.8634615384615384,1,128.0,53.0,train
7.883981481481482,0.93375,0,108.0,48.0,train
5.504180327868853,0.8282142857142858,0,122.0,46.0,train
5.937844827586207,0.8718,1,116.0,49.0,train
3.5204166666666663,0.6233333333333333,0,48.0,7.0,train
7.944587155963303,0.9572916666666668,1,109.0,49.0,train
8.223333333333333,0.9441666666666667,1,108.0,48.0,train
6.133636363636364,0.8240000000000001,0,22.0,9.0,train
5.33,0.92875,0,39.0,20.0,train
5.302214285714285,0.8389473684210527,0,140.0,56.0,train
5.626056338028169,0.8466101694915255,0,142.0,60.0,train
3.2230645161290323,0.8109090909090909,0,62.0,22.0,train
5.706153846153845,0.6355555555555555,0,13.0,1.0,train
5.505625,0.845438596491228,0,144.0,59.0,train
5.4814,0.8400000000000001,0,50.0,22.0,train
8.253461538461538,0.8889189189189189,1,78.0,35.0,train
3.643529411764706,0.8533333333333333,0,136.0,63.0,train
3.2076744186046513,0.66,0,43.0,1.0,train
5.639923664122137,0.8407547169811321,0,131.0,56.0,train
6.304285714285714,0.8849999999999999,0,14.0,6.0,train
6.005370370370371,0.6687179487179487,0,54.0,8.0,train
3.435263157894737,0.6581818181818182,0,19.0,2.0,train
3.4705747126436783,0.9367741935483871,0,87.0,31.0,train
5.671395348837209,0.8636842105263158,0,43.0,17.0,train
5.416037735849057,0.8551162790697675,0,106.0,42.0,train
7.718771929824562,0.8586206896551724,0,57.0,26.0,train
3.537777777777778,0.845,0,144.0,58.0,train
5.639083333333334,0.8389795918367347,0,120.0,54.0,train
5.546166666666666,0.8192592592592592,0,60.0,25.0,train
7.588596491228071,0.8444230769230768,0,114.0,48.0,train
5.266993006993006,0.8674545454545455,0,143.0,57.0,train
3.752857142857143,0.8957142857142858,0,21.0,10.0,train
3.5925000000000002,0.64,0,28.0,2.0,train
7.877592592592593,0.9339583333333333,0,108.0,48.0,train
5.643,0.8632,0,120.0,48.0,train
5.4748,0.857741935483871,0,150.0,58.0,train
3.5833333333333335,0.6655555555555556,0,36.0,6.0,train
3.349,0.6575,0,40.0,3.0,train
4.91,0.62,0,2.0,0.0,train
3.6636842105263154,0.6670588235294117,0,133.0,12.0,train
5.438775510204081,0.8542372881355932,0,147.0,57.0,train
5.575696202531645,0.8612121212121213,0,79.0,35.0,train
3.6923529411764706,0.643,0,34.0,0.0,train
8.000098039215686,0.8504081632653061,0,102.0,43.0,train
7.91359375,0.8453125,0,64.0,29.0,train
5.266333333333334,0.8720754716981132,0,150.0,65.0,train
3.52865671641791,0.6581081081081082,0,67.0,7.0,train
2.6595,0.6241666666666666,0,20.0,0.0,train
5.3648818897637796,0.8614583333333333,0,127.0,49.0,train
7.859565217391305,0.9263636363636363,0,23.0,11.0,train
4.795909090909091,0.8488888888888888,0,22.0,11.0,train
3.6464285714285714,0.854,0,84.0,37.0,train
5.647045454545454,0.8608,1,132.0,62.0,train
5.48917808219178,0.8394642857142857,0,146.0,64.0,train
8.27909090909091,0.9635483870967743,1,66.0,31.0,train
5.413356164383562,0.9271153846153847,0,146.0,64.0,train
2.59,0.6675,0,8.0,0.0,train
3.75,0.6333333333333334,0,4.0,0.0,train
4.055384615384615,0.62875,0,13.0,0.0,train
4.35875,0.6434782608695653,0,40.0,4.0,train
5.716352941176471,0.8465789473684211,0,85.0,36.0,train
7.857179487179487,0.9421052631578947,0,39.0,19.0,train
5.4984415584415585,0.8267741935483871,0,154.0,60.0,train
8.196190476190477,0.9655263157894737,1,84.0,38.0,train
8.058157894736842,0.8036842105263158,0,38.0,18.0,train
5.389747899159664,0.8436956521739131,0,119.0,55.0,train
5.41173076923077,0.8195238095238095,0,52.0,26.0,train
3.6614285714285715,0.83125,0,21.0,6.0,train
5.408529411764706,0.8475,0,68.0,34.0,train
8.122941176470588,0.91625,0,17.0,8.0,train
5.405454545454545,0.8234883720930232,0,99.0,43.0,train
5.499357142857143,0.8592727272727272,0,140.0,59.0,train
5.078533333333334,0.9232142857142858,0,75.0,33.0,train
7.645526315789473,0.8389473684210526,0,38.0,18.0,train
5.159242424242424,0.8541379310344828,0,66.0,28.0,train
3.7728571428571427,0.55,0,7.0,0.0,train
5.06686274509804,0.8314285714285715,0,51.0,20.0,train
5.406470588235294,0.8471428571428571,0,17.0,9.0,train
5.38875,0.8628571428571429,0,16.0,8.0,train
8.41462962962963,0.9558333333333334,1,108.0,48.0,train
4.822,0.7666666666666667,0,25.0,11.0,train
3.4658666666666664,0.6556756756756758,0,75.0,9.0,train
3.5563157894736843,0.933,0,114.0,44.0,train
5.411313868613139,0.9286274509803921,0,137.0,65.0,train
8.180185185185186,0.9379166666666667,0,108.0,48.0,train
5.765245901639345,0.8761224489795918,1,122.0,51.0,train
5.540544217687075,0.8617241379310344,0,147.0,61.0,train
3.327326732673267,0.6442592592592592,0,101.0,10.0,train
3.8520833333333333,0.6376923076923077,0,24.0,4.0,train
3.4586315789473683,0.6555769230769232,0,95.0,8.0,train
5.446739130434782,0.8573999999999999,0,138.0,57.0,train
3.1097826086956526,0.6239130434782608,0,46.0,4.0,train
3.658493975903614,0.8467796610169491,0,166.0,67.0,train
3.473888888888889,0.8385714285714286,0,36.0,12.0,train
5.526233766233766,0.642,0,77.0,8.0,train
3.8275,0.7066666666666667,0,12.0,4.0,train
5.32375,0.833421052631579,0,88.0,32.0,train
8.06677966101695,0.8779310344827587,1,59.0,28.0,train
6.118571428571429,0.9333333333333333,0,21.0,11.0,train
5.665333333333334,0.65,0,15.0,1.0,train
5.435675675675676,0.8544827586206897,0,148.0,58.0,train
5.4103521126760565,0.8538983050847458,0,142.0,54.0,train
5.433232323232323,0.8307317073170732,0,99.0,42.0,train
5.444634146341463,0.846875,0,41.0,18.0,train
5.9755,0.8433333333333333,0,20.0,9.0,train
5.586569343065694,0.8465454545454546,0,137.0,54.0,train
3.4440625000000002,0.8445833333333334,0,64.0,22.0,train
8.362407407407407,0.9633333333333334,1,108.0,48.0,train
7.582826086956522,0.9286363636363636,0,46.0,22.0,train
5.361233766233767,0.8523333333333334,0,154.0,59.0,train
5.34442105263158,0.856829268292683,0,95.0,40.0,train
3.5062,0.6715384615384615,0,50.0,6.0,train
8.122549019607844,0.9580434782608696,1,102.0,46.0,train
3.610421052631579,0.8615151515151515,0,190.0,67.0,train
5.243125,0.8028571428571428,0,16.0,8.0,train
5.364871794871795,0.8733333333333333,0,39.0,22.0,train
3.3525531914893616,0.84375,0,47.0,15.0,train
0.0,0.0,0,0.0,0.0,train
5.709153846153846,0.8490566037735849,0,130.0,52.0,train
5.266875,0.6758620689655173,0,48.0,11.0,train
4.613333333333333,0.6675,0,12.0,1.0,train
5.429009009009009,0.8661363636363636,0,111.0,51.0,train
3.3850000000000002,0.843103448275862,0,74.0,24.0,train
5.570909090909091,0.6538636363636363,0,132.0,22.0,train
5.441928571428572,0.8369090909090909,0,140.0,58.0,train
3.8758536585365855,0.6133333333333334,0,41.0,1.0,train
5.548392857142857,0.8531111111111112,0,112.0,45.0,train
8.205925925925927,0.96,1,108.0,48.0,train
8.050571428571429,0.9221212121212121,0,70.0,33.0,train
5.7375,0.8559259259259259,0,60.0,24.0,train
8.260217391304348,0.9511904761904763,1,92.0,42.0,train
5.633013698630137,0.8356250000000001,0,73.0,28.0,train
5.406875,0.9271428571428572,0,16.0,7.0,train
8.038378378378379,0.9620000000000001,1,74.0,35.0,train
5.26265306122449,0.8371428571428572,0,49.0,20.0,train
8.039253731343283,0.870625,0,67.0,31.0,train
5.457397260273972,0.8563636363636364,0,146.0,66.0,train
3.5629885057471267,0.8348484848484848,0,87.0,27.0,train
2.6766666666666667,0.732,0,9.0,0.0,train
3.4768656716417907,0.6495,0,67.0,5.0,train
5.726176470588236,0.9189655172413793,0,68.0,34.0,train
0.0,0.0,0,0.0,0.0,train
7.858073394495412,0.9385416666666666,0,109.0,48.0,train
5.795764705882353,0.6491935483870968,0,85.0,8.0,train
0.0,0.0,0,0.0,0.0,train
5.668260869565217,0.8457692307692307,0,138.0,61.0,train
5.509176470588235,0.9313888888888889,0,85.0,38.0,train
6.0628125,0.834,0,32.0,13.0,train
5.923145161290323,0.9490000000000001,1,124.0,53.0,train
5.673070866141733,0.9277551020408163,0,127.0,54.0,train
3.4237500000000005,0.6496666666666666,0,56.0,3.0,train
5.835280898876404,0.8374358974358973,0,89.0,39.0,train
8.539907407407407,0.9516666666666667,1,108.0,48.0,train
5.607333333333334,0.8204761904761905,0,90.0,38.0,train
5.506304347826087,0.6473333333333334,0,46.0,7.0,train
5.579142857142857,0.9341379310344827,0,70.0,31.0,train
5.170833333333333,0.8622222222222222,0,24.0,11.0,train
5.753387096774193,0.8461538461538461,0,62.0,30.0,train
7.8389655172413795,0.8461818181818181,0,116.0,48.0,train
8.20185185185185,0.9406249999999999,1,108.0,48.0,train
8.083170731707318,0.9525,1,41.0,20.0,train
5.391022727272728,0.655,0,88.0,14.0,train
5.243809523809524,0.869375,0,42.0,19.0,train
5.1063970588235295,0.8540816326530613,0,136.0,62.0,train
8.037297297297297,0.8745999999999999,1,111.0,48.0,train
8.448292682926828,0.952,1,41.0,20.0,train
5.297555555555555,0.9349999999999999,0,45.0,22.0,train
5.880909090909091,0.67,0,33.0,6.0,train
3.4548387096774196,0.8391176470588235,0,93.0,36.0,train
5.215704697986577,0.8526315789473684,0,149.0,60.0,train
5.819242424242424,0.8847169811320755,1,132.0,55.0,train
5.723461538461539,0.6635294117647058,0,52.0,8.0,train
5.834871794871795,0.830625,0,78.0,34.0,train
5.48675,0.8471875,0,80.0,40.0,train
5.307454545454546,0.8295454545454546,0,55.0,24.0,train
5.6596153846153845,0.8672222222222222,1,78.0,31.0,train
3.9167058823529413,0.64825,0,85.0,13.0,train
3.716875,0.8540000000000001,0,16.0,8.0,train
5.75578947368421,0.8925000000000001,0,19.0,9.0,train
8.171780821917809,0.8671428571428572,1,73.0,33.0,train
5.830075757575758,0.9473999999999999,1,132.0,58.0,train
5.4497333333333335,0.8444642857142857,0,150.0,61.0,train
8.6,0.9022222222222221,1,19.0,9.0,train
8.190816326530612,0.8760869565217391,1,49.0,22.0,train
5.4772727272727275,0.8521739130434783,0,55.0,26.0,train
8.164821428571429,0.86,0,112.0,47.0,train
8.026489361702128,0.8534042553191489,0,94.0,40.0,train
4.907,0.805,0,20.0,11.0,train
3.454,0.8416666666666667,0,45.0,12.0,train
5.355084745762712,0.8452173913043479,0,118.0,53.0,train
5.450492957746479,0.856,0,142.0,56.0,train
5.906923076923077,0.9211764705882353,0,39.0,20.0,train
5.3602,0.8616949152542374,0,150.0,63.0,train
7.851327433628319,0.8678431372549019,0,113.0,49.0,train
8.124269662921348,0.9597560975609757,1,89.0,41.0,train
5.637047619047619,0.6550666666666667,0,105.0,19.0,train
3.5735,0.6765,0,40.0,10.0,train
5.035365853658536,0.851764705882353,0,41.0,19.0,train
3.3816993464052287,0.846842105263158,0,153.0,45.0,train
5.488958333333334,0.8581578947368421,0,96.0,39.0,train
5.27125,0.8514285714285714,0,16.0,6.0,train
8.107314814814815,0.9316666666666666,0,108.0,48.0,train
7.889315068493151,0.9314285714285715,0,73.0,35.0,train
3.390576923076923,0.8338888888888889,0,52.0,22.0,train
5.404925373134328,0.9232142857142858,0,67.0,28.0,train
5.425395683453237,0.8508474576271187,0,139.0,56.0,train
5.2912030075187975,0.9312765957446809,0,133.0,60.0,train
7.951018518518519,0.8372549019607843,0,108.0,46.0,train
8.226788990825689,0.9529166666666667,1,109.0,48.0,train
3.915483870967742,0.8599999999999999,0,31.0,17.0,train
5.300476190476191,0.88125,0,21.0,8.0,train
5.443764705882353,0.8613157894736841,0,85.0,37.0,train
5.955492957746478,0.862,0,71.0,29.0,train
5.735193798449613,0.8539622641509433,0,129.0,55.0,train
2.36,0.6533333333333333,0,6.0,0.0,train
8.223879310344827,0.880188679245283,1,116.0,48.0,train
5.484318181818182,0.8582857142857142,0,88.0,37.0,train
5.255306122448979,0.865,0,147.0,65.0,train
5.474680851063829,0.828421052631579,0,47.0,22.0,train
5.438555555555556,0.8677142857142858,0,90.0,41.0,train
5.822916666666667,0.6411111111111112,0,48.0,6.0,train
7.708888888888889,0.9302083333333333,0,108.0,48.0,train
7.8725000000000005,0.9158333333333334,0,108.0,48.0,train
5.3025,0.6325925925925925,0,44.0,7.0,train
3.5013541666666668,0.6616326530612245,0,96.0,14.0,train
8.344411764705882,0.9459375,1,68.0,32.0,train
7.870645161290323,0.9310344827586207,0,62.0,30.0,train
5.6751587301587305,0.848679245283019,0,126.0,56.0,train
5.613736263736264,0.864,0,91.0,42.0,train
8.05391304347826,0.9327272727272727,0,23.0,11.0,train
5.318272727272727,0.8404444444444444,0,110.0,44.0,train
5.221544715447155,0.8495999999999999,0,123.0,53.0,train
7.661739130434783,0.9336363636363636,0,23.0,11.0,train
3.725575221238938,0.6639622641509434,0,113.0,16.0,train
7.803119266055045,0.9370833333333333,0,109.0,48.0,train
8.262314814814815,0.94875,1,108.0,48.0,train
3.6471428571428572,0.6799999999999999,0,14.0,0.0,train
7.86676923076923,0.9293333333333333,0,65.0,30.0,train
3.3088372093023257,0.624,0,43.0,0.0,train
5.124054054054054,0.8478571428571428,0,37.0,16.0,train
0.0,0.0,0,0.0,0.0,train
3.2777358490566035,0.8419512195121952,0,106.0,36.0,train
3.7613953488372096,0.6652083333333333,0,86.0,8.0,train
7.991428571428572,0.9348936170212766,0,105.0,47.0,train
6.261875,0.85,0,32.0,13.0,train
0.0,0.0,0,0.0,0.0,train
5.802537313432835,0.8439285714285714,0,134.0,56.0,train
8.146825396825397,0.9193333333333332,0,63.0,30.0,train
8.272685185185185,0.9516666666666667,1,108.0,48.0,train
5.538175182481752,0.8509803921568627,0,137.0,61.0,train
5.122884615384615,0.8633898305084745,0,156.0,68.0,train
7.980707070707071,0.9199999999999999,0,99.0,45.0,train
5.353455882352941,0.8783018867924528,0,136.0,62.0,train
7.649636363636364,0.8535714285714285,0,55.0,25.0,train
5.532662337662337,0.8672881355932204,0,154.0,64.0,train
8.12183486238532,0.9656250000000001,1,109.0,48.0,train
5.3868711656441715,0.8670967741935484,0,163.0,70.0,train
5.390970149253731,0.8741176470588234,0,134.0,60.0,train
4.711304347826087,0.9,0,23.0,12.0,train
3.416363636363636,0.6455555555555557,0,22.0,0.0,train
5.931333333333333,0.9436363636363635,0,30.0,16.0,train
3.246521739130435,0.6163636363636363,0,23.0,1.0,train
8.035,0.9311111111111112,0,20.0,10.0,train
8.404315789473683,0.8730434782608695,1,95.0,42.0,train
3.6911363636363634,0.6872222222222223,0,44.0,15.0,train
3.6066666666666665,0.6461290322580645,0,63.0,5.0,train
6.58125,0.8975,0,16.0,7.0,train
5.11,0.8362499999999999,0,22.0,12.0,train
5.26,0.861764705882353,0,81.0,35.0,train
5.392702702702703,0.8585964912280701,0,148.0,61.0,train
7.751086956521739,0.8456818181818182,0,92.0,40.0,train
5.44248275862069,0.8457377049180327,0,145.0,55.0,train
5.673620689655173,0.8250000000000001,0,58.0,27.0,train
5.530471698113208,0.846046511627907,0,106.0,49.0,train
7.788363636363637,0.9232653061224491,0,110.0,48.0,train
7.981194029850746,0.8624242424242424,0,67.0,31.0,train
3.7125000000000004,0.6405000000000001,0,36.0,5.0,train
5.634718309859155,0.854561403508772,0,142.0,56.0,train
8.296486486486486,0.866,1,111.0,48.0,train
7.633684210526315,0.8400000000000001,0,19.0,9.0,train
3.6060000000000003,0.6383333333333333,0,10.0,0.0,train
3.771818181818182,0.6433333333333333,0,11.0,3.0,train
3.594901960784314,0.6711538461538461,0,51.0,2.0,train
5.495616438356165,0.8514035087719298,0,146.0,59.0,train
5.295102040816326,0.8657894736842104,0,49.0,22.0,train
5.670933333333333,0.8318333333333333,0,150.0,66.0,train
5.37109756097561,0.8557575757575757,0,82.0,44.0,train
8.41609375,0.8729032258064515,1,64.0,30.0,train
5.7852,0.8660975609756097,1,100.0,45.0,train
0.0,0.0,0,0.0,0.0,train
3.76484375,0.6412820512820513,0,64.0,6.0,train
5.307209302325582,0.8432432432432432,0,86.0,38.0,train
5.29141935483871,0.8564406779661017,0,155.0,63.0,train
5.891911764705882,0.6735555555555556,0,68.0,15.0,train
3.8286111111111105,0.66,0,36.0,6.0,train
5.415940594059406,0.84575,0,101.0,47.0,train
5.805806451612903,0.8307142857142856,0,31.0,13.0,train
3.6336363636363633,0.82,0,22.0,13.0,train
3.4973750000000003,0.6553658536585366,0,80.0,10.0,train
5.541,0.8466666666666668,0,90.0,39.0,train
7.83392156862745,0.9565217391304348,1,102.0,46.0,train
8.140925925925925,0.9575,1,108.0,48.0,train
3.6956521739130435,0.6524,0,46.0,3.0,train
3.3620408163265307,0.87,0,49.0,20.0,train
3.3305555555555557,0.695,0,18.0,6.0,train
3.656232876712328,0.8394444444444444,0,146.0,56.0,train
5.391111111111111,0.6366666666666667,0,36.0,3.0,train
3.5314423076923074,0.65,0,104.0,14.0,train
7.895072463768116,0.9365625,0,69.0,32.0,train
5.299060402684564,0.8329310344827586,0,149.0,67.0,train
8.57095238095238,0.8745454545454545,1,21.0,10.0,train
5.4196,0.8347457627118644,0,150.0,59.0,train
3.9448837209302323,0.6514814814814814,0,43.0,3.0,train
5.37421052631579,0.90625,0,19.0,9.0,train
5.5148,0.8553571428571428,0,150.0,62.0,train
3.4132758620689656,0.6513333333333333,0,58.0,7.0,train
5.594264705882353,0.8423333333333333,0,68.0,34.0,train
5.454395604395605,0.8689189189189189,0,91.0,42.0,train
8.10625,0.93125,0,16.0,8.0,train
3.599921875,0.8427906976744186,0,128.0,50.0,train
3.522181818181818,0.6317241379310345,0,55.0,6.0,train
7.997592592592593,0.9216666666666667,0,108.0,48.0,train
3.215625,0.6605555555555556,0,32.0,0.0,train
7.934999999999999,0.9511111111111111,1,18.0,9.0,train
5.767175572519084,0.9366,0,131.0,56.0,train
7.848105263157895,0.9172093023255813,0,95.0,43.0,train
3.3174193548387096,0.648,0,31.0,6.0,train
5.66919708029197,0.8680769230769231,0,137.0,61.0,train
3.6078082191780823,0.8681818181818183,0,73.0,38.0,train
5.026891891891892,0.8416666666666667,0,74.0,32.0,train
5.284507042253521,0.8474193548387097,0,71.0,37.0,train
5.450526315789473,0.85925,0,95.0,44.0,train
7.987768595041322,0.838448275862069,0,121.0,48.0,train
5.563904761904762,0.842,0,105.0,47.0,train
5.2295454545454545,0.9277358490566038,0,154.0,67.0,train
3.8054166666666664,0.6459999999999999,0,48.0,8.0,train
5.7181132075471695,0.952,1,106.0,46.0,train
3.524,0.8554545454545455,0,30.0,11.0,train
3.361612903225806,0.9592307692307691,0,31.0,8.0,train
5.688015267175572,0.9125000000000001,0,131.0,54.0,train
8.067578947368421,0.9500000000000001,1,95.0,43.0,train
8.24640625,0.9553333333333334,1,64.0,30.0,train
8.05537037037037,0.921875,0,108.0,48.0,train
3.4901470588235295,0.8514893617021275,0,136.0,55.0,train
8.031363636363636,0.920909090909091,0,22.0,11.0,train
3.74375,0.8954545454545454,0,32.0,13.0,train
3.1772151898734178,0.6323809523809524,0,79.0,6.0,train
8.153846153846153,0.83,0,13.0,5.0,train
8.230116279069767,0.9615,1,86.0,40.0,train
3.5110666666666663,0.6461538461538462,0,75.0,9.0,train
5.750336134453781,0.8608695652173913,0,119.0,53.0,train
5.46469387755102,0.8473809523809525,0,98.0,40.0,train
5.69112676056338,0.8503389830508475,0,142.0,59.0,train
5.48065693430657,0.8526,0,137.0,61.0,train
7.557391304347826,0.9118181818181817,0,23.0,11.0,train
3.4311184210526315,0.8469090909090908,0,152.0,52.0,train
8.017636363636363,0.9177777777777778,0,55.0,27.0,train
3.574375,0.8533333333333334,0,16.0,6.0,train
8.352179487179487,0.9543243243243243,1,78.0,37.0,train
5.30908256880734,0.85775,0,109.0,52.0,train
3.668181818181818,0.6597297297297298,0,66.0,4.0,train
5.388531468531468,0.8581132075471699,0,143.0,63.0,train
5.566944444444444,0.6392941176470589,0,108.0,9.0,train
3.5887058823529414,0.6479545454545454,0,85.0,12.0,train
3.54,0.616111111111111,0,34.0,3.0,train
5.273111111111111,0.8454545454545455,0,90.0,43.0,train
5.68637037037037,0.8569811320754718,0,135.0,60.0,train
5.516388888888889,0.853793103448276,0,144.0,57.0,train
3.2396363636363636,0.67,0,55.0,3.0,train
8.028550724637682,0.827027027027027,0,69.0,29.0,train
5.3812,0.8498275862068966,0,150.0,68.0,train
5.662071428571429,0.8435714285714286,0,140.0,56.0,train
3.4735,0.8518749999999999,0,40.0,12.0,train
5.359512195121951,0.8477777777777777,0,41.0,17.0,train
5.5096875,0.8678571428571429,0,32.0,14.0,train
7.738282828282829,0.922,0,99.0,45.0,train
8.090526315789473,0.9522857142857143,1,76.0,35.0,train
5.789444444444445,0.86875,0,36.0,20.0,train
3.6666666666666665,0.655,0,12.0,0.0,train
5.577282608695652,0.9319444444444444,0,92.0,42.0,train
5.71741935483871,0.6375000000000001,0,31.0,2.0,train
5.358383838383839,0.8538888888888888,0,99.0,51.0,train
3.25,0.6546428571428571,0,48.0,0.0,train
8.055581395348836,0.6547368421052632,0,43.0,4.0,train
5.434952380952381,0.8709523809523809,0,105.0,45.0,train
8.219054054054055,0.8897222222222223,1,74.0,34.0,train
5.267368421052631,0.83875,0,19.0,11.0,train
5.432054794520548,0.6690196078431372,0,73.0,9.0,train
8.067857142857143,0.8336734693877551,0,98.0,40.0,train
5.547482014388489,0.9217647058823529,0,139.0,62.0,train
3.5712280701754384,0.8738095238095239,0,114.0,40.0,train
5.4487499999999995,0.8653846153846154,0,32.0,17.0,train
8.223055555555556,0.9518749999999999,1,108.0,48.0,train
5.783947368421052,0.8247058823529412,0,38.0,18.0,train
3.664736842105263,0.653,0,38.0,0.0,train
6.538620689655173,0.8684615384615384,1,29.0,14.0,train
3.4836363636363634,0.670344827586207,0,55.0,8.0,train
5.2807272727272725,0.8595454545454545,0,55.0,28.0,train
7.980555555555555,0.9295833333333333,0,108.0,48.0,train
5.798681318681318,0.678448275862069,1,91.0,14.0,train
7.955319148936169,0.9443478260869564,1,47.0,23.0,train
5.3475,0.8476,0,64.0,28.0,train
7.938703703703704,0.9172916666666667,0,108.0,48.0,train
8.077903225806452,0.8848275862068966,1,62.0,29.0,train
7.883981481481482,0.9295833333333333,0,108.0,48.0,test
5.340629370629371,0.8633333333333333,0,143.0,63.0,test
3.77,0.626,0,7.0,0.0,test
4.86391304347826,0.6863636363636364,0,23.0,7.0,test
5.366393442622951,0.8740000000000001,0,61.0,26.0,test
7.840232558139535,0.9333333333333333,0,43.0,21.0,test
5.560143884892087,0.8487272727272728,0,139.0,62.0,test
7.974912280701754,0.8667307692307692,0,114.0,49.0,test
2.9685714285714284,0.6431818181818182,0,42.0,3.0,test
3.4673873873873875,0.6366101694915255,0,111.0,15.0,test
5.37764705882353,0.8685714285714285,0,17.0,8.0,test
8.1685,0.932,0,20.0,10.0,test
4.035287356321839,0.6512244897959184,0,87.0,14.0,test
8.291078431372549,0.957391304347826,1,102.0,46.0,test
5.214516129032258,0.8772,0,62.0,26.0,test
8.06909090909091,0.9134146341463415,1,88.0,41.0,test
5.562241379310345,0.9242553191489361,0,116.0,48.0,test
5.607088607594936,0.8442424242424242,0,79.0,34.0,test
5.344172185430463,0.8546153846153846,0,151.0,68.0,test
5.32189393939394,0.8568627450980393,0,132.0,55.0,test
5.337727272727273,0.8522222222222222,0,44.0,23.0,test
5.587073170731707,0.866875,0,82.0,38.0,test
4.876904761904761,0.85375,0,42.0,19.0,test
5.629172932330826,0.85,0,133.0,55.0,test
8.111203703703703,0.868125,0,108.0,48.0,test
7.964285714285714,0.9265625,0,70.0,33.0,test
3.488947368421053,0.6822222222222223,0,19.0,2.0,test
3.31910447761194,0.8411111111111111,0,67.0,23.0,test
3.510459770114943,0.662,0,87.0,12.0,test
5.487520661157025,0.9291111111111111,0,121.0,61.0,test
5.283888888888889,0.82625,0,36.0,17.0,test
8.156666666666666,0.923,0,21.0,10.0,test
3.560307692307692,0.6487878787878788,0,65.0,8.0,test
8.014285714285714,0.8545945945945946,0,77.0,34.0,test
8.24618181818182,0.8877551020408163,1,110.0,49.0,test
3.413448275862069,0.6136363636363636,0,58.0,3.0,test
8.25566037735849,0.9582978723404255,1,106.0,48.0,test
5.598452380952381,0.9337142857142857,0,84.0,36.0,test
8.167529411764706,0.9417948717948718,1,85.0,39.0,test
8.167215189873419,0.8835135135135135,1,79.0,36.0,test
5.594269662921348,0.8622500000000001,0,89.0,36.0,test
6.188000000000001,0.845,0,35.0,16.0,test
3.3924324324324324,0.8560000000000001,0,37.0,20.0,test
7.906055045871559,0.9235416666666666,0,109.0,48.0,test
3.692929292929293,0.6420754716981132,0,99.0,7.0,test
5.383369565217391,0.8358974358974359,0,92.0,43.0,test
5.425789473684211,0.6641666666666667,0,19.0,3.0,test
7.67359375,0.8503225806451613,0,64.0,29.0,test
6.166901408450705,0.9529032258064516,1,71.0,31.0,test
3.8820388349514565,0.8857575757575757,1,103.0,44.0,test
3.2613333333333334,0.8633333333333333,0,15.0,6.0,test
3.4345454545454546,0.5866666666666667,0,11.0,0.0,test
3.572,0.66,0,5.0,2.0,test
7.909761904761904,0.9407692307692307,0,84.0,39.0,test
3.505227272727273,0.636056338028169,0,132.0,3.0,test
5.355,0.9342857142857143,0,16.0,8.0,test
8.271627906976745,0.9433333333333332,1,43.0,21.0,test
5.638382352941177,0.8837931034482758,1,68.0,35.0,test
8.217222222222222,0.9495833333333333,1,108.0,48.0,test
6.180000000000001,0.686,0,13.0,2.0,test
3.433380281690141,0.6294594594594595,0,71.0,6.0,test
8.261666666666667,0.9552173913043478,1,102.0,46.0,test
5.661639344262295,0.8250000000000001,0,61.0,23.0,test
5.762307692307692,0.5916666666666667,0,13.0,0.0,test
7.57392156862745,0.9302173913043478,0,102.0,46.0,test
3.4518367346938774,0.9188235294117647,0,98.0,44.0,test
5.086470588235294,0.835,0,17.0,9.0,test
5.155897435897436,0.92,0,39.0,19.0,test
5.54020202020202,0.8751351351351352,0,99.0,48.0,test
5.835857142857143,0.8658620689655172,0,70.0,32.0,test
5.442682926829268,0.8576470588235294,0,82.0,36.0,test
6.622857142857143,0.8766666666666666,0,14.0,7.0,test
8.15128205128205,0.9568421052631578,1,39.0,19.0,test
5.646229508196722,0.858,0,61.0,25.0,test
2.870227272727273,0.8366666666666667,0,44.0,13.0,test
5.195531914893617,0.6406060606060606,0,47.0,4.0,test
7.9,0.9189999999999999,0,20.0,10.0,test
5.554895833333333,0.8637837837837838,0,96.0,44.0,test
3.6941025641025638,0.61,0,39.0,1.0,test
3.8045945945945947,0.6622222222222223,0,37.0,6.0,test
5.522549019607843,0.85,0,51.0,24.0,test
3.8319047619047617,0.64,0,21.0,0.0,test
3.475957446808511,0.6183333333333333,0,47.0,2.0,test
3.7034090909090907,0.6573076923076923,0,44.0,1.0,test
3.4733333333333336,0.7,0,15.0,0.0,test
6.126666666666667,0.9278260869565217,0,57.0,28.0,test
5.615333333333334,0.692,0,30.0,6.0,test
5.583693693693693,0.6383333333333333,0,111.0,8.0,test
3.30141975308642,0.8508474576271187,0,162.0,55.0,test
0.0,0.0,0,0.0,0.0,test
5.610973451327434,0.837659574468085,0,113.0,45.0,test
3.313913043478261,0.6666176470588235,0,138.0,19.0,test
3.189166666666667,0.697,0,24.0,9.0,test
8.223225806451612,0.9065517241379311,0,62.0,29.0,test
7.9686111111111115,0.9310416666666667,0,108.0,48.0,test
5.501111111111111,0.6581818181818182,0,45.0,4.0,test
5.411739130434782,0.6416981132075471,0,69.0,4.0,test
5.758571428571429,0.8364516129032258,0,70.0,33.0,test
6.00125,0.8724999999999999,0,8.0,4.0,test
5.461313131313131,0.8444186046511628,0,99.0,40.0,test
5.322636363636364,0.866046511627907,0,110.0,46.0,test
7.672857142857143,0.8545454545454546,0,21.0,10.0,test
3.728947368421052,0.643,0,38.0,3.0,test
5.2457142857142856,0.871764705882353,0,42.0,19.0,test
3.8132258064516127,0.8184615384615385,0,31.0,10.0,test
5.326692307692308,0.8775555555555556,0,130.0,64.0,test
7.799537037037037,0.9291666666666667,0,108.0,48.0,test
6.098235294117647,0.948,1,34.0,17.0,test
3.489941520467836,0.8374193548387097,0,171.0,57.0,test
8.108796296296296,0.9383333333333334,0,108.0,48.0,test
5.479928571428571,0.8678947368421053,0,140.0,56.0,test
5.535578231292517,0.8446774193548386,0,147.0,55.0,test
8.196779661016949,0.9592857142857143,1,59.0,28.0,test
8.195882352941176,0.9545652173913043,1,102.0,46.0,test
5.6725,0.8482352941176471,0,40.0,19.0,test
7.957565217391305,0.8522641509433962,0,115.0,48.0,test
8.3173,0.956,1,100.0,46.0,test
3.505,0.675,0,4.0,0.0,test
3.6761386138613865,0.8700000000000001,0,101.0,37.0,test
4.044545454545455,0.7000000000000001,0,11.0,1.0,test
7.902385321100917,0.9322916666666666,0,109.0,48.0,test
8.1942,0.9453333333333334,1,100.0,45.0,test
3.4444444444444446,0.65,0,18.0,2.0,test
5.5664655172413795,0.6444736842105263,0,116.0,19.0,test
5.577889908256881,0.6390789473684211,0,109.0,19.0,test
5.485652173913044,0.852,0,46.0,23.0,test
3.5461290322580648,0.842,0,31.0,12.0,test
5.525151515151515,0.8613333333333333,0,33.0,11.0,test
5.284380952380952,0.847111111111111,0,105.0,48.0,test
7.976470588235294,0.9295652173913043,0,102.0,46.0,test
3.3419999999999996,0.8491304347826087,0,65.0,19.0,test
4.137777777777778,0.6549999999999999,0,9.0,0.0,test
3.516666666666667,0.6537499999999999,0,48.0,8.0,test
5.544375,0.8295999999999999,0,64.0,30.0,test
3.440909090909091,0.6405555555555555,0,33.0,0.0,test
7.882777777777778,0.9312195121951219,0,90.0,41.0,test
5.715342465753424,0.8693548387096774,0,73.0,33.0,test
7.8788372093023264,0.927142857142857,0,43.0,21.0,test
7.6802631578947365,0.854074074074074,0,114.0,48.0,test
5.610133333333334,0.6439215686274511,0,75.0,8.0,test
5.642264150943396,0.8472727272727273,0,53.0,22.0,test
7.8055172413793095,0.8475862068965518,0,58.0,27.0,test
5.631086956521739,0.9259999999999999,0,138.0,60.0,test
7.9275,0.8574193548387096,0,64.0,29.0,test
5.53228187919463,0.8314516129032258,0,149.0,63.0,test
3.530869565217391,0.8471428571428571,0,23.0,10.0,test
5.37029197080292,0.9332692307692307,0,137.0,57.0,test
8.390238095238095,0.954,1,42.0,20.0,test
8.109722222222222,0.9197916666666667,0,108.0,48.0,test
4.974,0.65,0,5.0,1.0,test
5.742748091603053,0.8615384615384615,0,131.0,59.0,test
7.81,0.943,0,21.0,10.0,test
6.142777777777777,0.8573913043478261,0,54.0,22.0,test
5.507682119205298,0.8529310344827586,0,151.0,63.0,test
5.6684,0.8302941176470588,0,75.0,29.0,test
8.760555555555555,0.9366666666666666,0,18.0,9.0,test
5.723819444444445,0.86125,0,144.0,63.0,test
8.424811320754717,0.941063829787234,1,106.0,48.0,test
5.748777777777778,0.9205263157894736,0,90.0,41.0,test
7.827999999999999,0.9311627906976744,0,95.0,43.0,test
8.01834862385321,0.9577083333333333,1,109.0,49.0,test
8.012685185185186,0.9254166666666667,0,108.0,48.0,test
8.047719298245614,0.8378181818181818,0,114.0,48.0,test
5.707999999999999,0.9564583333333333,1,130.0,58.0,test
3.5695652173913044,0.8485714285714285,0,115.0,38.0,test
5.687830188679245,0.8544186046511628,0,106.0,47.0,test
3.5620833333333337,0.8453846153846154,0,72.0,31.0,test
5.670852713178294,0.854909090909091,0,129.0,54.0,test
5.521851851851852,0.8360869565217391,0,108.0,44.0,test
8.262500000000001,0.9641666666666667,1,108.0,48.0,test
5.430298507462687,0.8530769230769231,0,67.0,31.0,test
5.804615384615384,0.6788888888888889,1,52.0,10.0,test
5.684651162790698,0.8676470588235294,0,43.0,19.0,test
5.426756756756757,0.9176190476190476,0,111.0,48.0,test
3.590526315789474,0.6454545454545454,0,19.0,0.0,test
5.811751824817518,0.8620370370370369,1,137.0,58.0,test
5.284718309859154,0.8765454545454545,0,142.0,60.0,test
5.384066666666667,0.8660344827586206,0,150.0,62.0,test
5.370547945205479,0.8453448275862069,0,146.0,55.0,test
8.066238532110091,0.9356249999999999,0,109.0,48.0,test
3.396136363636364,0.8591489361702128,0,132.0,49.0,test
3.3433333333333333,0.93,1,9.0,3.0,test
3.4863194444444443,0.6487671232876713,0,144.0,20.0,test
5.475111111111111,0.8432692307692308,0,135.0,59.0,test
7.920111111111111,0.9214634146341464,0,90.0,42.0,test
3.9664285714285716,0.8428571428571429,0,14.0,3.0,test
5.27328947368421,0.8406896551724138,0,76.0,29.0,test
8.062941176470588,0.94375,0,17.0,8.0,test
5.476106194690265,0.651547619047619,0,113.0,12.0,test
8.187999999999999,0.9562068965517242,1,60.0,29.0,test
4.838461538461538,0.835,0,13.0,6.0,test
5.403105590062111,0.8447540983606557,0,161.0,67.0,test
3.068,0.6012500000000001,0,15.0,0.0,test
5.561044776119402,0.8362962962962962,0,134.0,57.0,test
8.33954128440367,0.9547916666666666,1,109.0,48.0,test
8.329553571428571,0.8811538461538462,1,112.0,48.0,test
7.895925925925926,0.9241666666666667,0,108.0,48.0,test
6.128130081300813,0.953469387755102,1,123.0,51.0,test
5.381694915254237,0.9168000000000001,0,59.0,28.0,test
7.977222222222222,0.8610526315789473,0,36.0,17.0,test
